job-id,job-title,employer,logo-link,money,work-pattern,location,extended-description,apply-link,premium,posted,expires
1,Interaction Designer,Madgex,/2018/images/sponsor-logos/madgex.svg,55000-65000,Permanent,Central Brighton,"## Wow

- Lorem ipsum dolor sit amet, consectetur adipisicing elit. 
- Doloribus consectetur et quasi? 
- Accusantium tenetur debitis ea praesentium eos 

1. Aperiam suscipit eum 
2. pariatur aliquam recusandae incidunt 
3. repellendus laudantium in, magnam voluptate!

Lorem ipsum dolor sit amet, consectetur adipisicing elit. Pariatur in amet, voluptates! In eius cum, voluptate quos ratione veritatis excepturi, porro perspiciatis unde architecto nihil illum vel quae eaque laborum.

Lorem ipsum dolor sit amet, consectetur adipisicing elit. Laborum nulla dolor mollitia nisi vitae facilis rem ratione itaque, numquam dolores, minus adipisci neque ex dicta labore blanditiis? Omnis, ipsa, fuga.",https://uxbrighton.org.uk/jobs/test/,FALSE,20190306,20190406
2,User Resarcher,Ministry of Justice,/2018/images/sponsor-logos/MOJ.png,35000-45000,Permanent,"London, Victoria","## Wow

- Lorem ipsum dolor sit amet, consectetur adipisicing elit. 
- Doloribus consectetur et quasi? 
- Accusantium tenetur debitis ea praesentium eos 

1. Aperiam suscipit eum 
2. pariatur aliquam recusandae incidunt 
3. repellendus laudantium in, magnam voluptate!

Lorem ipsum dolor sit amet, consectetur adipisicing elit. Pariatur in amet, voluptates! In eius cum, voluptate quos ratione veritatis excepturi, porro perspiciatis unde architecto nihil illum vel quae eaque laborum.

Lorem ipsum dolor sit amet, consectetur adipisicing elit. Laborum nulla dolor mollitia nisi vitae facilis rem ratione itaque, numquam dolores, minus adipisci neque ex dicta labore blanditiis? Omnis, ipsa, fuga.",https://uxbrighton.org.uk/2018/about/,TRUE,20190304,20190406